,0
" Cerato, Mattia (ILT)",2498
"Blevins, Wiley ",2497
"Bell, Cece ",2270
" Lasky, David (ILT)",2270
"Poehler, Amy ",2142
"Grisham, John ",1496
"Roberts, Nora ",1344
"Iles, Greg ",908
"Connelly, Michael ",790
"Woodson, Jacqueline ",785
"Punke, Michael ",776
"Gaffigan, Jim ",682
"Schwab, V. E. ",615
"Boothroyd, Jennifer ",588
"Adler-Olsen, Jussi ",557
" Schein, Steve (TRN)",557
Speedy Publishing (COR),555
"Witter, Parker ",552
" Coovert, J. P. (ILT)",549
"Greenwald, Tommy ",549
"Archer, Jeffrey ",493
"Griffiths, Elly ",492
"Woods, Sherryl ",481
" Garcia, Elio M., Jr. ",478
" Antonsson, Linda ",478
"Martin, George R. R. ",478
"Stevenson, Bryan ",464
"Rustad, Martha E. H. ",462
"Rauch, Georg ",447
"Cass, Kiera ",440
"Lutz, Lisa ",406
"Rosenberg, Joel C. ",403
"Greaney, Mark ",381
"Heath, Lorraine ",358
"Cotugno, Katie ",345
"Bock, Laszlo ",344
"Rodkey, Geoff ",340
"Rush, Jennifer ",324
"Flournoy, Angela ",318
" Shusterman, Brendan (ILT)",294
"Shusterman, Neal ",294
"Ellison, Jan ",293
" Welch, Liz (CON)",280
" Poling, Kyle (ILT)",280
" Alifirenka, Caitlin ",280
"Ganda, Martin ",280
"Martin, Kat ",272
"Howell, Hannah ",248
"Linden, Caroline ",238
"Cussler, Dirk ",231
" Monroe, Chris (ILT)",213
"Monroe, Chris ",213
"Patterson, James ",206
"Kirby, Jessi ",204
Better Homes and Gardens Books (COR),204
"Palmer, Diana ",194
"Rothfuss, Patrick ",193
"Laurens, Stephanie ",190
" Conger, Holli (ILT)",182
"Brody, Frances ",179
"Cameron, Marc ",177
"Turner, Kristy ",177
"Stiefvater, Maggie ",175
"Lepore, Jill ",173
"Rice, Anne ",172
"Buckley, Michael ",172
"Perino, Dana ",172
"Hepworth, Sally ",171
"Dekker, Ted ",167
"Kagawa, Julie ",165
"Beaton, M. C. ",160
"Warren, Susan May ",159
"Hornby, Nick ",159
"Nhat Hanh, Thich ",155
"Millet, Lydia ",148
" Chattman, Lauren ",147
Maangchi ,147
"Brody, Jessica ",143
"Headley, Maria Dahvana ",141
"Todd, Charles ",140
"Peterfreund, Diana ",138
"Bradley, James ",137
"Kinsella, Sophie ",135
"Friedman, Laurie B. ",135
"Schwartz, Heather E. ",134
"Marwood, Alex ",132
"Marck, Staci ",129
"Cornwell, Betsy ",128
"Schreiber, Joe ",126
"Rey, H. A. ",123
" Avril, Lynne (ILT)",122
"Helwig, Jenna ",122
"Marshall, Alex ",121
"Mull, Brandon ",121
"Greitens, Eric ",120
"Cordain, Loren ",120
"Ferrante, Elena ",119
" Goldstein, Ann (TRN)",119
"Derubertis, Barbara ",118
" Sperling, Thomas (ILT)",118
"Leaming, Barbara ",118
"Keller, Timothy ",116
"Crownover, Jay ",116
"Lee, Wendy ",114
Hollywood 360 (COR),114
"Maitland, Barry ",114
"Hever, Julieanna ",111
"Eden, Cynthia ",111
" Cole, August ",110
"Singer, P. W. ",110
"Williams-Garcia, Rita ",110
"James, Abel ",110
"Manzini, Antonio ",109
"Flanders, Judith ",109
"Gordon, Kim ",106
"Sull, Donald ",103
" Eisenhardt, Kathleen M. ",103
"Mulgrew, Kate ",103
"Smith, Wilbur A. ",103
"Roth, Alvin E. ",102
"Condie, Allyson Braithwaite ",100
" Melmon, Deborah (ILT)",100
"May, Eleanor ",100
"Calvert, Candace ",100
"Roper, Gayle ",99
"Metaxas, Eric ",97
"Gibson, William ",97
"Olsen, Gregg ",97
"Rappaport, Helen ",96
"See, Lisa ",96
"Mackay, Malcolm ",93
"Pearson, Ridley ",92
"Dixon, Heather ",91
"Kate, Lauren ",90
"Nix, Garth ",89
"Kallos, Stephanie ",89
" Giraldo, Alejandro (ILT)",89
"Almossawi, Ali ",89
"Van Den Berg, Laura ",88
"Crocker, Betty ",87
Entrepreneur Media (COR),87
"Jones, Patrick ",85
"Zappia, Francesca ",85
"Faber, Michel ",83
Various ,83
"Constantine, Robin ",82
"Kim, Joseph ",82
" Talty, Stephan (CON)",82
" Hicks, Faith Erin (ILT)",81
"Torres, J. ",81
"Obioma, Chigozie ",78
"Greenwood, T. ",76
"Austen, Jane ",75
"Carr, Robyn ",74
"Armstrong, Karen ",73
"Phillips, Carly ",72
"Reed, Amy ",70
"Barton, Beverly ",70
"Graham, Lynne ",69
"Lovett, Charlie ",69
"Kogge, Michael ",69
"Hawkins, Paula ",68
"Andersen, Christopher ",68
"McCarthy, Cormac ",67
"Marsico, Katie ",67
"Repino, Robert ",66
"Tweedy, Damon, M.d. ",66
" Heap, Sue (ILT)",64
"March, Emily ",64
"Spalding, Amy ",64
 Élyum Studio (ILT),64
"McGarry, Katie ",64
"Heapy, Teresa ",64
"Harrison, Kim ",64
"Erway, Cathy ",63
"Ridgway, Christie ",63
"Eicher, Jerry S. ",62
"Andrews, Ilona ",62
"Birle, Pete ",61
"Brown, Herman ",60
"Gregorio, I. W. ",60
"Knudsen, Shannon ",60
"Lee, Patrick ",60
"Ryan, Annelise ",59
" Blackall, Sophie (ILT)",59
"Berne, Emma Carlson ",59
"Jenkins, Emily ",59
"Levine, Gail Carson ",58
" Mowry, Tamera ",58
"Summerscale, Kate ",58
"Locke, Attica ",58
"Mowry, Tia ",58
"Harwood, Michael ",57
"Gelles, David ",57
"Vance, Alexander ",57
" Johnstone, J. A. ",56
"Barron, Stephanie ",56
"Rosen, Michael J. ",56
"Drewe, Robert ",56
"Johnstone, William W. ",56
"Tata, Anthony J. ",54
"Potter, Beatrix ",54
" Potter, Beatrix (ILT)",54
"Hajari, Nisid ",54
"Downey, Kirstin ",54
"Goyetche, Marie-helen ",54
"Holsinger, Bruce ",54
"Winter, Eyal ",53
"Mouillot, Miranda Richmond ",53
"Fodor's Travel Publications, Inc. (COR)",52
"Chen, Wei Dong ",52
"Ashton, Kevin ",52
"Hunter, Faith ",52
"Dotta, Jessica ",52
" Liang, Xiao Long (ILT)",52
"Staveley, Brian ",51
"Howard, Tim ",51
"Beckstrand, Jennifer ",50
"Doeden, Matt ",50
"Lazebnik, Claire ",49
"Hannigan, Kate ",49
"Bailey, Tessa ",49
"Lies, Brian (ILT)",48
"Barnett, Mac ",48
"Martin, Colette ",48
" Beck, W. H. ",48
" Corace, Jen (ILT)",48
"Kirby, Matthew J. ",47
"Greenfield, Susan ",47
"Binchy, Maeve ",47
"Conrad, Hy ",46
"James, Lorelei ",46
"Zanovello, Augusto ",46
 Nautilus Studio (ILT),46
"McQuiston, Jennifer ",46
" Bosch, Meritxell (ILT)",46
"Fisher, Jessica ",46
"Munsch, Robert N. ",46
"Nordling, Lee ",46
" Martchenko, Michael (ILT)",46
"Nicholls, David ",45
"Feehan, Christine ",44
"Mcbeth, Colette ",44
"Derting, Kimberly ",44
"Me, Tara Sue ",44
Insight Guides (COR),44
"Levy, Shawn ",44
"Colasanti, Susane ",43
"Tack, Karen ",43
"Herbert, A. L. ",43
"Mccarney, Rosemary ",43
"Kincaid, S. J. ",43
"Castellucci, Cecil ",43
" Richardson, Alan ",43
"Macomber, Debbie ",43
"Graham, L. T. ",43
"McCune, Sandra Luna ",43
"Mccaffrey, Kate ",43
"Lehto, Steve ",43
"Bard, Elizabeth ",43
"Alvarez, Jennifer Lynn ",42
" McClellan, David (ILT)",42
"Womack, Gwendolyn ",41
"Verble, Margaret ",41
"Mandvi, Aasif ",41
"Gaiman, Neil ",41
"Harrison, Kathryn ",40
"Miller, Linda Lael ",40
"Fishman, John M. ",40
"Hawthorne, Rachel ",39
"Aronne, Louis J. ",39
" Letterman, David (FRW)",39
"Brown, Dale ",39
"Patalsky, Kathy ",39
"Greiman, Lois ",38
" Reed, Nat ",38
" Buccheri, Chiara (ILT)",38
"McCall Smith, Alexander ",38
"Zuchora-Walske, Christine ",38
"Brunstetter, Wanda E. ",38
"Cornwell, Bernard ",38
"Beck, Judith S., Ph.d ",37
"Montanari, Richard ",37
"Cornelius, Kubler C. ",37
"Fawkes, Sara ",37
"McKenna, Shannon ",37
"Dundas, Zach ",37
"Newport, Olivia ",37
" Faerna, Mónica (TRN)",36
" Ford, Gilbert (ILT)",36
"Cashore, Kristin ",36
" Díaz-Guerra, Mila López (TRN)",36
"Davis, Kathryn Gibbs ",36
"Cross, Sarah ",36
"Springer, Kathryn ",35
"Clarkson, Sally ",35
" Mae, Sarah (FRW)",35
" Perritt, Angela (FRW)",35
" Schwenk, Ruth (FRW)",35
"Ferrell, Miralee ",34
"Wiseman, Liz ",34
"Giles, Lamar ",34
"Pratchett, Terry ",34
" Wheeler, Eliza (ILT)",34
"Parrish, P. J. ",34
" Stewart, Ian ",34
"Wood, Maryrose ",34
"Nadel, Jessica ",34
" Cohen, Jack ",34
" Delaporte, Matthieu ",33
"La Patelliere, Alexandre De ",33
" Liemt, Romain Van ",33
"Halls, Kelly Milner ",33
"McEnroe, John ",33
"Pell, Eve ",33
"Buxton, Jamie ",33
" Studio, Élyum (ILT)",33
"McVoy, Terra Elan ",33
"Vincent, Norah ",32
" Morel, Diane ",32
"Martin, Ann M. ",32
" Godwin, Laura ",32
"Hepinstall, Kathy ",32
"Loisillier, Maud ",32
" Hilliker, Becky Hepinstall ",32
"Pengelley, Nick ",32
"Dobel, Jean-marc ",32
"Murphy, Peter D. ",31
"Martin, Gail Z. ",31
"Halbrook, Kristin ",31
"Jones, Leslie ",31
"Mann, William J. ",31
"Harris, Tessa ",31
"Bilow, Rochelle ",31
"Mills, DiAnn ",31
"Meier, Leslie ",31
"Seymour, Gerald ",31
"Klaber, William ",30
"Morgan, Molly ",30
"Furstinger, Nancy ",30
"Reed, Nat ",30
"Ackroyd, Peter ",30
"Thompson, Laura ",30
"Steinberg, Avi ",30
"Terrell, Brandon ",29
"Booher, Dianna ",29
"Clark, Henry ",29
"Walsh, Courtney ",29
"Spinelli, Jerry ",29
" Chartier, Brent ",29
"Northup, Solomon ",28
"Priest, A. L. ",28
"Guttersen, Connie ",28
"Brand, Max ",28
"Orzel, Chad ",28
"Rule, Cheryl Sternman ",28
"Christie, Michael ",28
"Estep, Jennifer ",28
" Dedomenico, Mark, M.d. ",28
"Warren, Tiffany L. ",28
"Pynchon, Thomas ",28
Aio Team (COR),27
" Silverman, Michael ",27
"Wiseman, John ",27
"Byrski, Liz ",27
"Barrows, Annie ",27
Princeton Review (COR),27
"Sears, Robert W. ",27
"Schruers, Fred ",27
"Martinez, Pedro ",27
"Grey, Jacob ",26
"Cleary, Brian P. ",26
" McKinley, Michael ",26
"Burchett, Dave ",26
"Doyle, Don H. ",26
"Friedman, George ",26
"Gibson, David ",26
"Laurence, Andrea ",26
"Darling, Seth B. ",25
"Carthage, Lynn ",25
"Windham, Ryder ",25
" Goneau, Martin (ILT)",25
"Klein, Aaron ",25
"Sigurdardottir, Yrsa ",25
"Coleman, Terry ",25
" Sisterson, Douglas L. ",25
"Preble, Joy ",25
"Cottam, F. G. ",25
" Busis, Deborah Beck ",25
"Nuchi, Adah ",24
" Canter, Ross ",24
" Liggett, Cathy ",24
"Hart, Regina ",24
" McDonough, Vickie ",24
" Davis, Susan Page ",24
"Beauman, Ned ",24
" Dobson, Melanie ",24
"Puertolas, Romain ",24
" Emberley, Michael (ILT)",24
"Stewart, Rory ",24
"Campbell, Rick ",24
"Harris, Robie H. ",24
"Shukis, Steve ",24
"Lorret, Vivienne ",24
"Bullard, Lisa ",23
"Mortenson, Melissa ",23
"Sietsema, Robert ",23
"Harding, Luke ",23
"Castillo, Lauren ",23
"Elmore, Bartow J. ",23
"Greene, David ",23
"Gaylord, Joshua ",23
"Beavis, Paul ",22
"St. Aubyn, Edward ",22
" Beavis, Paul (ILT)",22
"Blankman, Anne ",22
"Rockliff, Mara ",22
"Singer, Marilyn ",22
"Santamaria, Abigail ",22
" Kirsch, Vincent X. (ILT)",22
"Cane, Emma ",22
"Paolini, Christopher ",22
"Bramsen, Carin ",21
"Bogosian, Eric ",21
"Coleman, Benjamin John ",21
"Tippetts, Kara ",21
"Wiles, Will ",20
"Sachar, Louis ",20
"Smith, Joanne ",20
" Mcnaughton, Angie ",20
"Maier, Thomas ",20
"Bowker, Paul ",20
"Gray, Shelley Shepard ",20
"Hardy, Thomas ",20
"Willis, Clarissa ",20
"Kapoor, Deepti ",20
"Sloyan, Patrick J. ",20
" Yehling, Robert ",19
"Bacigalupi, Paolo ",19
"Schein, Edgar H. ",19
"Abirached, Zeina ",19
"Leeming, David Adams ",19
"De Villiers, Gérard ",19
"Williams, Cathy ",19
"Rodin, Judith ",19
" Abirached, Zeina (ILT)",19
"Marzo, Clay ",19
"Coleman, Wim ",18
"Turner, Henry ",18
"Bowman, Valerie ",18
"Bragg, Rick ",18
" West, Annie ",18
" Lewis, Jerry Lee ",18
"Chauhan, Sharmila ",18
" Parker, Victoria ",18
"Mundy, Jon ",18
" Floyd, Michael ",18
"Krisp, Caleb ",18
"Helget, Nicole ",18
"Kendrick, Sharon ",18
" Perrin, Pat ",18
"Penzler, Otto ",18
"Houston, Philip ",18
" Hewitt, Kate ",18
"Hawkins, Jeff ",17
"Burnett, Frances Hodgson ",17
" Marinelli, Carol ",17
" Bennett, Jules ",17
"Lambdin, Dewey ",17
"Masear, Terry ",17
"Crane, Stephen ",17
"Morey, Trish ",17
"Ellinas, Simon (ILT)",17
" Hayward, Jennifer ",17
"Côté, Geneviève ",17
" Cantrell, Kat ",17
"Dettman, Joy ",17
" Haig, Matt ",17
"Kaiser, James ",17
"James, Cormac ",17
" Phillips, Simon ",17
"Wilde, Oscar ",17
"Urrea, Luis Alberto ",17
" Shaw, Chantelle ",17
"Karre, Elizabeth ",16
" Lovett, Sarah ",16
"Baxter, Mandy ",16
"Clough, Lisa ",16
"Burke, John J. ",16
"Santopietro, Tom ",16
"Szymborska, Wislawa ",16
"Behnke, Alison Marie ",16
"Rue, Kirsten ",16
"Hudson, Sophie ",16
" Brawer, Michael ",16
"Nakamura, Fuminori ",16
"Overy, Richard (EDT)",16
"Plame, Valerie ",16
"Lerner, Ben ",16
" Baranczak, Stanislaw (TRN)",16
"Duncan, Rod ",16
"Kaplan, Arie ",16
"Robson, Cecy ",16
"Mass, Wendy ",16
"Simmons, Dan ",16
" Cavanagh, Clare (TRN)",16
" Briant, Ed (ILT)",16
"Bostridge, Ian ",16
" Kelly, Leslie ",16
"McLaughlin, Staci ",15
" Cannell, Jon (ILT)",15
"Myers, Walter Dean ",15
" de Hériz, Enrique (TRN)",15
"Brown, Bob ",15
" Vaughan, Virginia ",15
"Mosher, Howard Frank ",15
" Robbins, Sandra ",15
" Rizzo, Jorge (TRN)",15
"Jacobson, Ryan ",15
"Barbieri, Maggie ",15
"Sessums, Kevin ",15
"Yates, Maisey ",15
"Hegarty, Shane ",15
"Ludwig, Elizabeth ",15
" Beatty, Lorraine ",15
"Gitlin, Marty ",15
"Goodman, Fred ",15
"Brock, Andie ",14
"Gortner, C. W. ",14
"Morley, Malcolm ",14
"Pennington, Bill ",14
"Doyle, Arthur Conan, Sir ",14
"Reit, Seymour ",14
" Sanders, Nancy I. ",14
"Unkefer, Dean ",14
"Goulson, Dave ",14
"True, Sylvia ",14
"Hering, Marianne ",14
"McHugh, Mary ",14
"McMahon, Jennifer ",14
"Dávila, Claudia ",13
"Howell, Brian ",13
"Bross, Lanie ",13
"Reza, Yasmina ",13
"Grady, James ",13
" Kalis, Jennifer (ILT)",13
"Carter, Alan ",13
"Schulman, Andrew ",13
"MacDonald, Mark ",13
" Avilés, Martha Graciela (ILT)",13
" Mcmillen, Marvin A., M.d. (AFT)",13
"Lehr, Dick ",13
"Bond, Rebecca ",13
" Kurilla, Renée (ILT)",13
"Ortberg, John ",13
"Adderson, Caroline ",13
" Lyons, Gabe (FRW)",13
"Omartian, Stormie ",13
"Sauls, Scott ",13
"Harper, Karen ",13
" Tramo, Mark Jude, Ph.d. (FRW)",13
" Bacon, Quentin ",12
" Brocket, Jane (PHT)",12
"Quinn, Lucinda Scala ",12
"Brocket, Jane ",12
" Zeller, Dirk ",12
"Michael, Sean ",12
"Ettus, Samantha ",12
" Dutcher, Kieren (ILT)",12
"Everest, D. D. ",12
" Allen, Rick (ILT)",12
"Dipiazza, Francesca Davis ",12
"Simon, Seymour ",12
"Wu, Faye-lynn ",12
"Mccreary, Jordan ",12
"Sidman, Joyce ",12
"Cooper, Terri M. ",12
"Saligari, Naomi (EDT)",12
"Watt, Peter ",12
"Veroni, Clive ",12
"Fanshaw, Polly ",12
" Ross, Tony (ILT)",11
"Thomas, Rob ",11
"Lal, Vinay ",11
"Silvey, Craig ",11
"Ranney, Karen ",11
"Wood, Barbara ",11
"Singh, Nalini ",11
"Potter, Michelle ",11
" Kómet, Silvia (TRN)",11
"Ross, Tony ",11
"Moore, Stephanie Perry ",11
" Murphy, Graeme (INT)",11
" Graham, Jennifer ",11
"Shemek, Lori, Ph.D. ",11
"Arntson, Steven ",11
"Watson, Angus ",11
" Van Loon, Borin (ILT)",11
"Wyner, Zach ",10
" Rollins, Shannon ",10
"Boyle, Elizabeth ",10
"Jeremiah, David ",10
"Masterton, Graham ",10
"Whitman, Glen (EDT)",10
"Monson, Ander ",10
"Brockmann, Suzanne ",10
"Bailyn, Bernard ",10
"Leidich, Shari Koolik ",10
"Grippando, James ",10
"Holland, Tom ",10
"Trueit, Trudi Strain ",10
"Queen, Ellery ",10
" Chadd, Ian (CON)",10
"Healey, Justin (EDT)",10
"Craven, Sara ",10
" Goodson, Amy ",10
" Miller, Karen G. ",10
"Bryant, Bonnie ",10
" Bishop, Kyle William (CON)",10
"Miller, John G. ",10
"Donovan, Sandy ",10
"Moore, Stephen L. ",10
"Rollins, Kent ",10
"Burns, Rex ",10
" Dow, James (EDT)",10
" Brown, Eleanor (CON)",10
"Paine, Nigel ",10
"Ashdown, Linda ",10
" Moran, Mike (ILT)",9
"Coetzee, J. M. ",9
"Swingler, Susan ",9
"Pitt, Darrell ",9
"Torey, Allysa ",9
"Bradford, Barbara Taylor ",9
" Mader, Roger (ILT)",9
"McPhail, David ",9
"Boorstein, Sylvia ",9
"Tidhar, Lavie ",9
"Stetz-waters, Karelia ",9
"Lupton, Ellen ",9
"Van Praagh, James ",9
"Doughty, Anne ",9
"Showalter, Gena ",9
Climate Central (COR),9
"London, Jack ",9
"Van Allsburg, Chris ",9
"Macdonald, Emma ",9
"Goolsby, Jesse ",9
"Mader, Roger ",9
"Grant, Kelley ",9
 Maryland Institute College of Art (COR),9
"McKenzie, Jennifer ",9
"Johnson, Janice Kay ",8
" Widener, Terry (ILT)",8
" Waring, Richard ",8
"Sandor, Marjorie (EDT)",8
"Signorile, Michelangelo ",8
" Racascall, Iolanda (TRN)",8
"Cawthorne, Nigel ",8
"Zangl, Renate ",8
"Arquitectos, Nómena ",8
"Emerson, Kevin ",8
" Pratt, Pierre (ILT)",8
"Slater, Calvin ",8
" Zulkey, Claire ",8
"Simmons, Cari ",8
" Coleridge, Samuel Taylor ",8
"Eagle, Kathleen ",8
"Harp, Anderson ",8
"Grimes, Nikki ",8
"Landsberg, Joe ",8
"Shahan, Sherry ",8
"Boorman, Kate A. ",8
"Richards, Dusty ",8
" Shahan, Sherry (ILT)",8
"Tekavec, Heather ",8
Hal Leonard Publishing Corporation (COR),8
"Sparks, Nicholas ",8
"Butler, Brin-jonathan ",8
"Doré, Gustave ",8
" Mazur, Erin ",7
"Weber, Tawny ",7
"Griffin, Richard ",7
" Sciuto, Alex (ILT)",7
"Barger, Vanessa ",7
"Funke, Cornelia Caroline ",7
"Reid, S. k. ",7
"Fitzpatrick, Deb ",7
"Walsh, Brighton ",7
"Pittman, Allison ",7
"Levine, Robert A., M.D. ",7
"Lane, William ",7
"Weintraub, Stanley ",7
" Lacey, Helen ",7
"Broach, Elise ",7
" McPhail, David (ILT)",7
"Green, Abby ",7
"Simpson, O. J. ",7
"Banks, Leanne ",7
" Zabel, Bryce ",7
"Clarke, Cassandra Rose ",7
"Brock, Jared ",7
"Braun, Jackie ",7
"Wilde, Lori ",7
"Johnson, Rebecca L. ",7
" Murphy, Kelly (ILT)",7
"Halpern, Jake ",7
"Harkey, Faith ",7
" Dunne, Dominick ",7
" Ireland, Kelli ",7
"Bhadra, Sangeeta ",7
"McNamara, Margaret ",7
" Arbona, Marion (ILT)",7
"Lutz, Carol ",7
"Bowman, Doug ",7
" Pozuelo, Mireya Hernández (TRN)",7
"Green, Elizabeth ",7
"Dolan, Richard M. ",7
"Higgins, Nadia ",7
"Lucas, Jennie ",7
" Smith, Karen Rose ",7
"Morrissey, Di ",7
"Horowitz, Anthony ",7
" Litch, Nancy ",7
" Burns, Jillian ",7
" Karas, G. Brian (ILT)",7
"Skogen, J. M. ",7
"Diamond, Jacqueline ",7
"Curtis, Waverly ",7
"Cummings, Lindsay ",7
" Blanco, Rosa Pilar (TRN)",7
" Rawlins, Debbi ",7
"Patterson, Benton Rain ",6
"Kotlowitz, Alex ",6
"Gardner, Carre Armstrong ",6
"Phelan, James ",6
" Akkam, Alia ",6
" Thompson, David C. ",6
"Johncock, Benjamin ",6
"Phelps, M. William ",6
"Abedi, C. J. ",6
" Carson, Caro ",6
"Murphy, Marc ",6
" Beardshaw, Rosalind (ILT)",6
"Tabak, Lawrence ",6
"Cronn-mills, Kirstin ",6
"Rhodes, Kate ",6
"Weil, Cynthia ",6
"Pascale, Amy ",6
" Judge, Chris (ILT)",6
"Espinosa, Albert ",6
"Forczyk, Robert ",6
" Massov, Olga ",6
"Hamilton, Ian ",6
"Schickel, Katie ",6
"Pilger, Seamus ",6
"Moorehead, Caroline ",6
"Block, Daniel I. ",6
" Tanguay, Paul ",6
" Fisher, Robin Gaby ",6
"Carmody, Isobelle ",6
"Mukerjee, Dada ",6
"Nafisi, Azar ",6
"Smith, Jennifer ",6
"Brown, Yamma ",6
"Carducci, Tad ",6
"Maxwell, John C. ",6
"Wheeler, Lisa ",6
"Judge, Chris ",6
"Marchamalo, Jesús ",6
" Woods, Amy ",6
"Wehrenberg, Margaret ",6
"Fertik, Michael ",6
" Flores, Damián (ILT)",6
" Gilpin, Stephen (ILT)",6
"Bunn, Austin ",6
"Banks, Maya ",6
" Gott, Barry (ILT)",6
"Shankle, Melanie ",6
"Bagwell, Stella ",6
"McQuinn, Anna ",6
" Dass, Ram (INT)",6
"Rocklin, Joanne ",6
" Ministral, Clara (TRN)",5
" Lorenzo, Asunción (TRN)",5
" Ferguson, Richard Lewis (TRN)",5
"James, Sophia ",5
"Rudow, Taylor ",5
"Dahl, Roald ",5
"Shoup, Barbara ",5
" Wuerl, Donald Cardinal (FRW)",5
" Dunlop, Barbara ",5
"Blacklock, Dianne ",5
" Baggethun, Kirsti (TRN)",5
" Potter, Giselle (ILT)",5
"Jin, Ha ",5
"Brook, Meljean ",5
" Aquilina, Mike ",5
Type Directors Club (COR),5
"Gibbins, David ",5
"Lagercrantz, Rose ",5
" Romei, Stephen (INT)",5
"Alloway, Kit ",5
" Reinhardt, Jennifer Black (ILT)",5
"McGinty, Alice B. ",5
"Henshaw, Mark ",5
"Sala, Sharon ",5
" Salís, Marta (TRN)",5
"Talbot, John Michael ",5
"Williams, C. K. ",5
"Osborne, Mary Pope ",5
"Orwig, Sara ",5
" Eriksson, Eva (ILT)",5
"Gaarder, Jostein ",5
"Chicurel, Judy ",5
" Lerma, María (TRN)",5
"Maram, Morris ",5
"Bateman, Colin ",5
"Cook, Thomas H. ",5
" Anderson, Sarah M. ",5
"Markey, Charlotte ",4
"Neri, G. ",4
"Bliss, Alison ",4
" Martin, Courtney (ILT)",4
"Browning, Kelsey ",4
"Earle, Alice Morse ",4
"Kadohata, Cynthia ",4
"Suarez, Abner ",4
"Jensen, Muriel ",4
"Pronzini, Bill ",4
"Napoli, Donna Jo ",4
" Ryser, Nicolas (ILT)",4
"Twain, Mark ",4
"Sloth, Coach ",4
 Cobalt Illustrations (COR),4
"Littlefield, Warren ",4
" Uxo, Carlos (TRN)",4
"Napoleoni, Loretta ",4
"Vigil, Doña Bernadette ",4
"Yasuda, Anita ",4
"Knight, Kristina ",4
"Ludy, Leslie ",4
"O'Reilly, Bill ",4
"Oster, Patrick ",4
"Hill, Sandra ",4
"Sierra I Fabra, Jordi ",4
"Goffman, Alice ",4
"Hinton, S. E. ",4
"Peary, Danny ",4
"Dasgupta, Rana ",4
" Sánchez, Pontus (TRN)",4
"Mamet, David ",4
"Jones, Darynda ",4
"Kennedy, Fin ",4
"Dunaway, Michele ",4
"Richards, Penny ",4
" Despeyroux, Denise (TRN)",4
" Broska, Arlene, Ph.D. (CON)",4
" Hewett, Richard (PHT)",4
" Ruiz, Don Miguel (FRW)",4
"French, Simon ",4
" Low, William (ILT)",4
"Wallach, Eli ",4
"Mankell, Henning ",4
"Brennan, Marie ",4
"Willis, Chris ",4
"Kendig, Ronie ",4
" Giménez, Mayte (TRN)",4
"Richard, Laurent ",4
"Huser, Glen ",4
"Smith, David J. ",4
"Arnold, Caroline ",4
" Kemble, E. W. (ILT)",4
" Adams, Steve (ILT)",4
"Perrin, Kayla ",3
"Altom, Laura Marie ",3
"Sokol, Jason ",3
"Robertson, Eliza ",3
" Griswold, Trudy ",3
"Holland, Loretta ",3
"Newman, John ",3
"Leodhas, Sorche Nic ",3
"Gaite, Carmen Martín ",3
"Rose, Jacqueline ",3
" Evans, Harold, Sir (FRW)",3
"Bennett, Jules ",3
"Indridason, Arnaldur ",3
"Blaedel, Sara ",3
" Jamieson, Victoria (ILT)",3
" Fillion, Nathan (FRW)",3
"West, Darrell M. ",3
"Herreros, Ana Cristina ",3
" Hernández, Mireya (TRN)",3
"Parker, Danny S. ",3
"Dragt, Tonke ",3
" Fillion, Nathan ",3
"Harroun, Deborah ",3
"Gaga, Lady (CRT)",3
"McKee, David ",3
"Feldman, Jody ",3
"Hogan, Edward ",3
"Raczka, Robert ",3
"De Vega, Lope ",3
" Gold, Todd ",3
"Burns, Edward ",3
"Bell, Serena ",3
" McKee, David (ILT)",3
"Jarvis, Timothy J. ",3
"McCarthy, Gary ",3
"Grimm, Jacob ",3
"Smart, Michelle ",3
" Neustatter, Angela ",3
" Mackay, Elly (ILT)",3
"McCully, Emily Arnold ",3
"King, Carole (COP)",3
"Roth, Ann ",3
" Greene, Matthew W. ",3
"Houts, Michelle ",3
"Moore, Margaret ",3
"Spooner, Meagan ",3
"Peters, Madison C. (EDT)",3
"Uegaki, Chieri ",3
" Owen, R. Emmett (ILT)",3
"Greene, Howard R. ",3
"Mark, Barbara ",3
"Hoeben, Cato ",3
"Johns, Patricia ",3
" Leng, Qin (ILT)",3
"Kreisman, Rachelle ",3
" Grimm, Wilhelm ",3
" Haggerty, Tim (ILT)",3
"Wesley, Jamie ",3
" Groenink, Chuck (ILT)",3
"Platt, David ",3
"Pogrund, Benjamin ",3
"Ray, Mary Lyn ",3
"Thompson, Ben ",3
" Gruelle, John B. (ILT)",3
" Colinas, Antonio (CON)",3
"Bix, Cynthia Overbeck ",3
" Hagerup, Klaus ",2
"Schlafly, Phyllis ",2
"Platt, Chris ",2
"Hancock, Herbie ",2
"Stubbs, Imogen ",2
" Wubbels, Lance ",2
"Wangersky, Russell ",2
"Foreman, Michael ",2
"Allen, Diane ",2
" Paul, Ron (FRW)",2
"Meyers, Theresa ",2
"Fischer, Ellen ",2
"Bauer, Marion Dane ",2
"Anderson, Mac ",2
" Cox, Robin Overby ",2
"Ellis, Deborah ",2
"Navajo, José Luis ",2
" De Cock, Nicole (ILT)",2
" Dickey, Lisa ",2
"Weissbourd, Burt ",2
"Jenkins, Beverly ",2
" Neal, Christopher Silas (ILT)",2
" Page, Robin ",2
"Criswell, Millie ",2
"Patel, Carrie ",2
"De Sterck, Marita ",2
"McPherson, Stephanie Sammartino ",2
"van Olmen, Peter ",2
"Delinsky, Barbara ",2
"Dale, Ruth Jean ",2
Homer ,2
"Haig, David ",2
"Lenz, Frederick ",2
"Robinson, Stacy ",2
"Carmack, Cora ",2
" Foreman, Michael (ILT)",2
"Hood, Jane ",2
" De Sterck, Goedele (TRN)",2
"Shakespeare, William ",2
"Jolley, Elizabeth ",2
"Levy, Edmond ",2
"Maitland, Sara ",2
" Beeke, Tiphanie (ILT)",2
"Ripoll, Ana ",2
"Morgan, Sally (FRW)",2
" Koval, Ramona (INT)",2
"Robinson, Fay ",2
"Backman, Linda ",2
"Harris, Shilo ",2
"Willey, Margaret ",2
"Jenkins, Steve ",2
"Lazear, Suzanne ",2
"Maggi, Nicole ",2
"Murray, Les ",2
"Wright, Nicholas ",2
" Tubau, Jordi Vidal I (TRN)",2
"Owings, Lisa ",2
"Somers, Ian ",2
"Amis, Martin ",2
" Diaz, Diego (ILT)",2
"Schultz, Julianne (EDT)",2
"McKernan, Michael ",2
"Wagner, Andreas ",2
"Strickland, Adrianne ",2
"Harrower, Elizabeth ",2
"Berlyn, Michael ",2
"Manieri, Evie ",2
"Voltaggio, Bryan ",2
"Gavron, Assaf ",2
" Jenkins, Steve (ILT)",2
"Hopton, Nick ",2
" Faulkner, Linda ",1
"Turnauer, Andrew ",1
"Briggs, Raleigh ",1
" Wilkins, Sarah (ILT)",1
" Cavándoli, Margarita (TRN)",1
" Milla, Carlos (TRN)",1
"Gavin, Rohan ",1
"Barder, Brian, Sir ",1
"Meyer, Joyce ",1
"Dickinson, Charles ",1
Anonymous ,1
"Sheinmel, Courtney ",1
"Bingham, Lisa ",1
"Pappano, Marilyn ",1
" Lafrance, Marie (ILT)",1
"Watson, Stephanie ",1
" Griffin, Eileen ",1
"Nollman, Jim ",1
"Jones, Marie ",1
" Guelbenzu, José María (EDT)",1
"Albright, Kathryn ",1
"Bronte, Charlotte ",1
" McMahon, Bob (ILT)",1
" García-Aranda, Elena (TRN)",1
"Matthews, Rupert ",1
"Strycharczyk, Doug ",1
"Bodden, Valerie ",1
"Hart, Emma ",1
" Murrell, Ann-marie ",1
" McLean, Matthew ",1
" Cooke, C. W. ",1
" Feeney, Siri Weber (ILT)",1
" Rowland, Andy (ILT)",1
"Casteel, Seth ",1
" Mcallister-stammen, Jo Ellen (ILT)",1
"Bornholdt, Jenny ",1
"Faulkner, Frank ",1
"Henry, O. ",1
"Jackson, Phil ",1
" Romero, María Esperanza (TRN)",1
"Michaels, Nikka ",1
"Carroll, Lewis ",1
" Slaughter, Karin ",1
"Chaucer, Geoffrey ",1
" Fernández, Sara Cano (TRN)",1
" Boscagli, Michele (ILT)",1
"Marlowe, Piers ",1
"Lawrence, Gwen ",1
"Osteen, Joel ",1
"Morey, Allan ",1
"Blacker, Terence ",1
"Mesrobian, Carrie ",1
"Goundar, Avnita ",1
"Marston, Cathy ",1
" Lies, Brian (ILT)",1
" Delehanty, Hugh (CON)",1
"Thomas, Andrew ",1
"Webb, Peggy ",1
"Gambín, Mariano ",1
"Pitre, Michael ",1
"Hargreaves, Roger ",1
"Feist, Raymond E. ",1
" Reguera, Isidoro (TRN)",1
"West, Jacqueline ",1
"Preto, Antonella ",1
"Van Dine, S. S. ",1
"Kenney, Karen Latchana ",1
"Irving, Washington ",1
" Forest-Flier, Nancy (TRN)",1
" Corniero, María (TRN)",1
" Coon, Jim (ILT)",1
" Thomas, Chris (ILT)",1
"Arnold, Gina ",1
"Mckinnon, Peter ",1
" Gaite, Carmen Martín (TRN)",1
"Brambilla, Cristina ",1
"Mandela, Nelson ",1
"Lies, Brian ",1
"MacLeod, Elizabeth ",1
"Grahame, Kenneth ",1
" Wu, Leslie (ILT)",1
"Connelly, Stacy ",1
"Bean, Marcus ",1
" Hoffmann, Omer (ILT)",1
" Martín, Helena (TRN)",1
"King, Albert (CRT)",1
"Bennett, Tara ",1
"Brinton, Sybil ",1
"Dickon, Chris ",1
"Waldrop, Joshua ",1
"Henkel, Katja ",1
" Plaza, Juan Castilla (TRN)",1
" Loudon, Gina ",1
"Perkins, John ",1
" Hargreaves, Adam ",1
" Roberts, David (ILT)",1
"Bauer, Christina ",1
"Goble, Paul ",1
"Scott, Bronwyn ",1
"Landau, Orna ",1
"Abdolah, Kader ",1
"Brittany, Morgan ",1
" Montserrat, Pep (ILT)",1
"Axler, James ",1
"Cerato, Mattia ",1
" Westlund, Laura (ILT)",1
"Atkins, Jill ",1
"Clark, Tracy ",1
"Jump, Shirley ",1
"Sender, Ruth Minsky ",1
"Blake, William ",1
" Vaughan, Stevie Ray (CRT)",1
"Precht, Richard David ",1
" Bransom, Paul (ILT)",1
" Hashim, Jayfri ",1
"McCune, Joshua ",1
"Ervin, Keisha ",1
"Bently, Peter ",1
"Bramley, Paul ",1
"Carter, Velvet ",1
"Cannon, Sherrill S. ",1
"Lester, Natasha ",1
" Guerrero, Javier (TRN)",1
"Gomi, Taro ",1
" Roberts, Ivor, Sir (FRW)",1
" Ferrer, Isabel (TRN)",1
" Bell, Jennifer A. (ILT)",1
" Bruchac, Joseph (FRW)",1
"Walker, Sally M. ",1
"Maynard, Susan ",1
"Gralla, Preston ",1
"Soffer, Allison Sarnoff ",1
"Trouillot, Lyonel ",1
"Odenkirk, Bob ",1
"MacClancy, Jeremy ",1
"Daugherty, Sharleen ",1
" Tusa, Tricia ",1
" Elvin, Charles ",1
"Tyler, Kenneth Maurice ",1
"Roberts, Paul ",1
" Hein, Sybille (ILT)",1
"Strycker, Noah ",1
"Carey, Anna ",1
